A2025R, 245128173159
A23X83N25, 62625497087
A24F1MK7Q, 7350656577730
A24Q7QR39, 1326811
A2542J95X, 8875605952
A26688K9D, 372233901248
A26T0GX63, 95307616805
A28911S0V, 4107946867032
A2CV4BS5K, 1671256522336
A2G73751P, 1397679640534
A2G737525, 20287953398
A2H70820F, 3583815155
A2J38KJ9R, 1688083259
A2JQ0SW5Z, 703484291860
A2K06X26P, 2851813492
A2KW57K4R, 2444344750402
A2KW57K57, 19926787431313
A2MG7FX35, 280415236738
A2N29P78F, 4043848896
A2NC5SD71, 31004464800
A2QF8JK7T, 59718977869
A2QJ78024, 3702478233
A2R49GB1J, 12058859080
A2RV0D21Z, 106359504227
A2RV0D23X, 19279533080
A2S46H728, 0
A2SN0158C, 75559381
A2SX64B5F, 606491
A2TB0XX0B, 33439614908
A2W08WH8M, 585894961590
A2ZG6G81T, 27099912924
A2ZK55N82, 621484348986
